{
  "_format": "hh-sol-cache-2",
  "files": {
    "E:\\stakinmg-minimal\\contracts\\Openzeppelin\\Context.sol": {
      "lastModificationDate": 1673336158652,
      "contentHash": "7093b039d79750162610c51cd75dfce8",
      "sourceName": "contracts/Openzeppelin/Context.sol",
      "solcConfig": {
        "version": "0.8.6",
        "settings": {
          "optimizer": {
            "enabled": false,
            "runs": 200
          },
          "outputSelection": {
            "*": {
              "*": [
                "abi",
                "evm.bytecode",
                "evm.deployedBytecode",
                "evm.methodIdentifiers",
                "metadata"
              ],
              "": [
                "ast"
              ]
            }
          }
        }
      },
      "imports": [],
      "versionPragmas": [
        "^0.8.0"
      ],
      "artifacts": [
        "Context"
      ]
    },
    "E:\\stakinmg-minimal\\contracts\\Openzeppelin\\ERC20.sol": {
      "lastModificationDate": 1673336172841,
      "contentHash": "3bb08d2eb38e64281a5b77f74e052f28",
      "sourceName": "contracts/Openzeppelin/ERC20.sol",
      "solcConfig": {
        "version": "0.8.6",
        "settings": {
          "optimizer": {
            "enabled": false,
            "runs": 200
          },
          "outputSelection": {
            "*": {
              "*": [
                "abi",
                "evm.bytecode",
                "evm.deployedBytecode",
                "evm.methodIdentifiers",
                "metadata"
              ],
              "": [
                "ast"
              ]
            }
          }
        }
      },
      "imports": [
        "./IERC20.sol",
        "./IERC20Metadata.sol",
        "./Context.sol"
      ],
      "versionPragmas": [
        "^0.8.0"
      ],
      "artifacts": [
        "ERC20"
      ]
    },
    "E:\\stakinmg-minimal\\contracts\\Openzeppelin\\IERC20.sol": {
      "lastModificationDate": 1673335942267,
      "contentHash": "57745aa42fa0a7872eba2499c32651b7",
      "sourceName": "contracts/Openzeppelin/IERC20.sol",
      "solcConfig": {
        "version": "0.8.6",
        "settings": {
          "optimizer": {
            "enabled": false,
            "runs": 200
          },
          "outputSelection": {
            "*": {
              "*": [
                "abi",
                "evm.bytecode",
                "evm.deployedBytecode",
                "evm.methodIdentifiers",
                "metadata"
              ],
              "": [
                "ast"
              ]
            }
          }
        }
      },
      "imports": [],
      "versionPragmas": [
        "^0.8.0"
      ],
      "artifacts": [
        "IERC20"
      ]
    },
    "E:\\stakinmg-minimal\\contracts\\Openzeppelin\\IERC20Metadata.sol": {
      "lastModificationDate": 1673336127689,
      "contentHash": "e13da596fbf5c36b723a001996699cd2",
      "sourceName": "contracts/Openzeppelin/IERC20Metadata.sol",
      "solcConfig": {
        "version": "0.8.6",
        "settings": {
          "optimizer": {
            "enabled": false,
            "runs": 200
          },
          "outputSelection": {
            "*": {
              "*": [
                "abi",
                "evm.bytecode",
                "evm.deployedBytecode",
                "evm.methodIdentifiers",
                "metadata"
              ],
              "": [
                "ast"
              ]
            }
          }
        }
      },
      "imports": [
        "./IERC20.sol"
      ],
      "versionPragmas": [
        "^0.8.0"
      ],
      "artifacts": [
        "IERC20Metadata"
      ]
    },
    "E:\\stakinmg-minimal\\contracts\\RewardToken.sol": {
      "lastModificationDate": 1673336194779,
      "contentHash": "761fa86613bd111b7ec94ae2e45767e3",
      "sourceName": "contracts/RewardToken.sol",
      "solcConfig": {
        "version": "0.8.6",
        "settings": {
          "optimizer": {
            "enabled": false,
            "runs": 200
          },
          "outputSelection": {
            "*": {
              "*": [
                "abi",
                "evm.bytecode",
                "evm.deployedBytecode",
                "evm.methodIdentifiers",
                "metadata"
              ],
              "": [
                "ast"
              ]
            }
          }
        }
      },
      "imports": [
        "./Openzeppelin/ERC20.sol"
      ],
      "versionPragmas": [
        "^0.8.6"
      ],
      "artifacts": [
        "RewardToken"
      ]
    },
    "E:\\stakinmg-minimal\\contracts\\Staking.sol": {
      "lastModificationDate": 1673336014688,
      "contentHash": "9b4b62097b97668923d99d25c36c4061",
      "sourceName": "contracts/Staking.sol",
      "solcConfig": {
        "version": "0.8.6",
        "settings": {
          "optimizer": {
            "enabled": false,
            "runs": 200
          },
          "outputSelection": {
            "*": {
              "*": [
                "abi",
                "evm.bytecode",
                "evm.deployedBytecode",
                "evm.methodIdentifiers",
                "metadata"
              ],
              "": [
                "ast"
              ]
            }
          }
        }
      },
      "imports": [
        "./Openzeppelin/IERC20.sol",
        "./Openzeppelin/ReentrancyGuard.sol"
      ],
      "versionPragmas": [
        "^0.8.6"
      ],
      "artifacts": [
        "staking"
      ]
    },
    "E:\\stakinmg-minimal\\contracts\\Openzeppelin\\ReentrancyGuard.sol": {
      "lastModificationDate": 1673335974519,
      "contentHash": "a5d0f59059ee32092a8d43dc09c1ee0a",
      "sourceName": "contracts/Openzeppelin/ReentrancyGuard.sol",
      "solcConfig": {
        "version": "0.8.6",
        "settings": {
          "optimizer": {
            "enabled": false,
            "runs": 200
          },
          "outputSelection": {
            "*": {
              "*": [
                "abi",
                "evm.bytecode",
                "evm.deployedBytecode",
                "evm.methodIdentifiers",
                "metadata"
              ],
              "": [
                "ast"
              ]
            }
          }
        }
      },
      "imports": [],
      "versionPragmas": [
        "^0.8.0"
      ],
      "artifacts": [
        "ReentrancyGuard"
      ]
    }
  }
}
